{"metadata":{"asset_id":"574ed802-af2f-42b9-b8fb-c1ad4fb14e51","asset_attributes":["notebook"],"name":"EDA_SQL","asset_type":"notebook","created_at":"2023-04-09T15:15:55Z","description":"","origin_country":"us","owner_id":"IBMid-668000VYTQ","project_id":"31773d42-9ff4-4e5d-8c29-c1e1bede65ad","size":24001,"tags":["notebook"],"usage":{"last_update_time":1681060089695,"last_updated_at":"2023-04-09T17:08:09Z"}},"entity":{"notebook":{"kernel":{"name":"python3","display_name":"Python 3.10","language":"python"},"originates_from":{"type":"blank"},"runtime":{"environment":"rt222pys2-31773d42-9ff4-4e5d-8c29-c1e1bede65ad"}},"location_definition":{"physical_location_code":"FRA","physical_location_code_assigned_by":"IBMid-668000VYTQ","physical_location_code_rds_id":"c57cb90f-2126-3800-9c9f-9eab82021cdf","physical_location_code_rds_version":"00002023-0409-4123-8005-013042000000_3","physical_location_code_assignment_method":"INFERRED","physical_location_code_added_on":"1681043409404"}},"attachments":[{"id":"260e52e3-7985-40e1-bd80-cc371891cc15","version":2,"asset_type":"notebook","name":"attachment for notebook 574ed802-af2f-42b9-b8fb-c1ad4fb14e51","description":"attachment for notebook 574ed802-af2f-42b9-b8fb-c1ad4fb14e51","mime":"application/json","datasource_type":"193a97c1-4475-4a19-b90c-295c4fdc6517","object_key":"notebook/EDA_SQL_bncf9pG6V.ipynb","creator_id":"IBMid-668000VYTQ","create_time":1681053356573,"size":24001,"is_remote":false,"is_managed":false,"is_referenced":true,"is_object_key_read_only":false,"is_user_provided_path_key":true,"transfer_complete":true,"is_partitioned":false,"complete_time_ticks":1681053356573,"user_data":{},"test_doc":0,"handle":{"bucket":"capstonedatascience-donotdelete-pr-qdx0algynlbwln","location":"eu-de","type":"bluemix_cos","key":"notebook/EDA_SQL_bncf9pG6V.ipynb","upload_id":"done","max_part_num":1},"usage":{"access_count":17,"last_accessor_id":"IBMid-668000VYTQ","last_access_time":1681060089648,"last_updater_id":"IBMid-668000VYTQ","last_update_time":1681060089648}}]}
